[    
    [    
        {
            "year":"1899",
            "fatalities":"26"
        },
        {
            "year":"1900",
            "fatalities":"36"
        },
        {
            "year":"1901",
            "fatalities":"54"
        },
        {
            "year":"1902",
            "fatalities":"79"
        },
        {
            "year":"1903",
            "fatalities":"117"
        },
        {
            "year":"1904",
            "fatalities":"172"
        },
        {
            "year":"1905",
            "fatalities":"252"
        },
        {
            "year":"1906",
            "fatalities":"338"
        },
        {
            "year":"1907",
            "fatalities":"581"
        },
        {
            "year":"1908",
            "fatalities":"751"
        },
        {
            "year":"1909",
            "fatalities":"1174"
        },
        {
            "year":"1910",
            "fatalities":"1599"
        },
        {
            "year":"1911",
            "fatalities":"2043"
        },
        {
            "year":"1912",
            "fatalities":"2968"
        },
        {
            "year":"1913",
            "fatalities":"4079"
        },
        {
            "year":"1914",
            "fatalities":"4468"
        },
        {
            "year":"1915",
            "fatalities":"6779"
        },
        {
            "year":"1916",
            "fatalities":"7766"
        },
        {
            "year":"1917",
            "fatalities":"9630"
        },
        {
            "year":"1918",
            "fatalities":"10390"
        },
        {
            "year":"1919",
            "fatalities":"10896"
        },
        {
            "year":"1920",
            "fatalities":"12155"
        },
        {
            "year":"1921",
            "fatalities":"13253"
        },
        {
            "year":"1922",
            "fatalities":"14859"
        },
        {
            "year":"1923",
            "fatalities":"17870"
        },
        {
            "year":"1924",
            "fatalities":"18400"
        },
        {
            "year":"1925",
            "fatalities":"20771"
        },
        {
            "year":"1926",
            "fatalities":"22194"
        },
        {
            "year":"1927",
            "fatalities":"24470"
        },
        {
            "year":"1928",
            "fatalities":"26557"
        },
        {
            "year":"1929",
            "fatalities":"29592"
        },
        {
            "year":"1930",
            "fatalities":"31204"
        },
        {
            "year":"1931",
            "fatalities":"31963"
        },
        {
            "year":"1932",
            "fatalities":"27979"
        },
        {
            "year":"1933",
            "fatalities":"29746"
        },
        {
            "year":"1934",
            "fatalities":"34240"
        },
        {
            "year":"1935",
            "fatalities":"34494"
        },
        {
            "year":"1936",
            "fatalities":"36126"
        },
        {
            "year":"1937",
            "fatalities":"37819"
        },
        {
            "year":"1938",
            "fatalities":"31083"
        },
        {
            "year":"1939",
            "fatalities":"30895"
        },
        {
            "year":"1940",
            "fatalities":"32914"
        },
        {
            "year":"1941",
            "fatalities":"38142"
        },
        {
            "year":"1942",
            "fatalities":"27007"
        },
        {
            "year":"1943",
            "fatalities":"22727"
        },
        {
            "year":"1944",
            "fatalities":"23165"
        },
        {
            "year":"1945",
            "fatalities":"26785"
        },
        {
            "year":"1946",
            "fatalities":"31874"
        },
        {
            "year":"1947",
            "fatalities":"31193"
        },
        {
            "year":"1948",
            "fatalities":"30775"
        },
        {
            "year":"1949",
            "fatalities":"30246"
        },
        {
            "year":"1950",
            "fatalities":"33186"
        },
        {
            "year":"1951",
            "fatalities":"35309"
        },
        {
            "year":"1952",
            "fatalities":"36088"
        },
        {
            "year":"1953",
            "fatalities":"36190"
        },
        {
            "year":"1954",
            "fatalities":"33890"
        },
        {
            "year":"1955",
            "fatalities":"36688"
        },
        {
            "year":"1956",
            "fatalities":"37965"
        },
        {
            "year":"1957",
            "fatalities":"36932"
        },
        {
            "year":"1958",
            "fatalities":"35331"
        },
        {
            "year":"1959",
            "fatalities":"36223"
        },
        {
            "year":"1960",
            "fatalities":"36399"
        },
        {
            "year":"1961",
            "fatalities":"36285"
        },
        {
            "year":"1962",
            "fatalities":"38980"
        },
        {
            "year":"1963",
            "fatalities":"41723"
        },
        {
            "year":"1964",
            "fatalities":"45645"
        },
        {
            "year":"1965",
            "fatalities":"47089"
        },
        {
            "year":"1966",
            "fatalities":"50894"
        },
        {
            "year":"1967",
            "fatalities":"50724"
        },
        {
            "year":"1968",
            "fatalities":"52725"
        },
        {
            "year":"1969",
            "fatalities":"53543"
        },
        {
            "year":"1970",
            "fatalities":"52627"
        },
        {
            "year":"1971",
            "fatalities":"52542"
        },
        {
            "year":"1972",
            "fatalities":"54589"
        },
        {
            "year":"1973",
            "fatalities":"54052"
        },
        {
            "year":"1974",
            "fatalities":"45196"
        },
        {
            "year":"1975",
            "fatalities":"44525"
        },
        {
            "year":"1976",
            "fatalities":"45523"
        },
        {
            "year":"1977",
            "fatalities":"47878"
        },
        {
            "year":"1978",
            "fatalities":"50331"
        },
        {
            "year":"1979",
            "fatalities":"51093"
        },
        {
            "year":"1980",
            "fatalities":"51091"
        },
        {
            "year":"1981",
            "fatalities":"49301"
        },
        {
            "year":"1982",
            "fatalities":"43945"
        },
        {
            "year":"1983",
            "fatalities":"42589"
        },
        {
            "year":"1984",
            "fatalities":"44257"
        },
        {
            "year":"1985",
            "fatalities":"43825"
        },
        {
            "year":"1986",
            "fatalities":"46087"
        },
        {
            "year":"1987",
            "fatalities":"46390"
        },
        {
            "year":"1988",
            "fatalities":"47087"
        },
        {
            "year":"1989",
            "fatalities":"45582"
        },
        {
            "year":"1990",
            "fatalities":"44599"
        },
        {
            "year":"1991",
            "fatalities":"41508"
        },
        {
            "year":"1992",
            "fatalities":"39250"
        },
        {
            "year":"1993",
            "fatalities":"40150"
        },
        {
            "year":"1994",
            "fatalities":"40716"
        },
        {
            "year":"1995",
            "fatalities":"41817"
        },
        {
            "year":"1996",
            "fatalities":"42065"
        },
        {
            "year":"1997",
            "fatalities":"42013"
        },
        {
            "year":"1998",
            "fatalities":"41501"
        },
        {
            "year":"1999",
            "fatalities":"41717"
        },
        {
            "year":"2000",
            "fatalities":"41945"
        },
        {
            "year":"2001",
            "fatalities":"42196"
        },
        {
            "year":"2002",
            "fatalities":"43005"
        },
        {
            "year":"2003",
            "fatalities":"42884"
        },
        {
            "year":"2004",
            "fatalities":"42884"
        },
        {
            "year":"2004",
            "fatalities":"42836"
        },
        {
            "year":"2005",
            "fatalities":"43510"
        },
        {
            "year":"2006",
            "fatalities":"42708"
        },
        {
            "year":"2007",
            "fatalities":"41259"
        },
        {
            "year":"2008",
            "fatalities":"37423"
        },
        {
            "year":"2009",
            "fatalities":"33883"
        },
        {
            "year":"2010",
            "fatalities":"32999"
        },
        {
            "year":"2011",
            "fatalities":"32479"
        },
        {
            "year":"2012",
            "fatalities":"33561"
        },
        {
            "year":"2013",
            "fatalities":"32719"
        },
        {
            "year":"2014",
            "fatalities":"32675"
        },
        {
            "year":"2015",
            "fatalities":"35092"
        },
        {
            "year":"2016",
            "fatalities":"40200"
        }
    ]
]
